imgDireccion,Moneda,nuevoPrecio,precioAnterior,precioDiscount,vehiculoAno,vehiculoKilometraje,anticipo,transmision,articuloTitulo,installments,promociones,cantidadVendida,envioGratis,enStock,Vendedor,esTiendaOficial,SKU,idPublicacion,idProductoCatalogo,idProductoUsuario,idVariacion,tipoResultado,esPrecioPorCantidad,esCompraInternacional,palabraClave,produtoReviews,numeroEvaluaciones,itemPosition,resultadosTotales,zProductoLink,Envio,highlight,disponibleEn,envioDesde,productoMarca,produtoCategoryID,produtoDomainID,sellerID,vertical,verticalID,ubicacion,Tiempo,promocionado
https://http2.mlstatic.com/D_NQ_NP_740997-MLA80726742424_112024-O.webp,ARS,66600,74000,10% OFF,,,,,"Los Mitos De Cthulhu: Estuche Con Dos Libros, De Howard Phillip Lovecraft. Editorial Ediciones Lea, Tapa Blanda, Edición 1 En Español, 2024",6 cuotas de 14983,,25.0,True,True,NADIR LIBROS Tienda oficial,True,MLA43454125,MLA2699042572,MLA43454125,MLAU3692776022,MLA43454125,ORGANIC,False,False,libros de terror,4.9,,581,+9.999 resultados,https://articulo.mercadolibre.com.ar/MLA-2699042572,Envío gratis,,,,,MLA412445,MLA-BOOKS,,CORE,CORE,,2026-09-26T20:41:27.659Z,
https://http2.mlstatic.com/D_NQ_NP_783294-MLA80153300334_112024-O.webp,ARS,38000,,,,,,,En Las Montañas De La Locura Breccia Lovecraft Stock,,5000 ARS OFF con Cupón,,True,,,False,MLA1950416578,MLA1950416578,,MLAU2702595010,MLAU2702595010,ORGANIC,False,False,libros de terror,,,742,+9.999 resultados,https://articulo.mercadolibre.com.ar/MLA-1950416578,Envío gratis,,,,,MLA412445,MLA-BOOKS,,CORE,CORE,,2026-09-26T20:43:22.770Z,
https://http2.mlstatic.com/D_NQ_NP_735668-MLU75037797633_032024-O.webp,ARS,21999,,,,,,,"Socorro 12 Cuentos Para Caerse De Miedo: 12 cuentos para caerse de miedo, de Bornemann, Elsa. Editorial SANTILLANA, tapa blanda en español, 2000",,,1000.0,True,True,,False,MLA22090889,MLA3845693930,MLA22090889,MLAU4879520757,MLA22090889,ORGANIC,False,False,libros de terror,4.9,419.0,7,+9.999 resultados,https://articulo.mercadolibre.com.ar/MLA-3845693930,Llega gratis el lunes,,,,,MLA412445,MLA-BOOKS,,CORE,CORE,,2026-09-26T20:35:20.457Z,
https://http2.mlstatic.com/D_NQ_NP_749911-MLA99862849385_112025-O.webp,ARS,24099,,,,,,,"Niña Desdichada, La - Edward Gorey",,,,True,True,Libros del Camino Tienda oficial,True,MLA21454264,MLA1411986786,MLA21454264,MLAU169611482,MLA21454264,ORGANIC,False,False,libros de terror,,,463,+9.999 resultados,https://articulo.mercadolibre.com.ar/MLA-1411986786,Llega gratis el lunes,,,,,MLA412445,MLA-BOOKS,,CORE,CORE,,2026-09-26T20:39:20.663Z,
https://http2.mlstatic.com/D_NQ_NP_654527-MLA95651486511_102025-O.webp,ARS,42750,45000,5% OFF,,,,,"Libro Relatos De Terror Escritos Por Mujeres, De Gaskell, Elizabeth Braddon, Mary Elizabeth Aa.vv.. Editorial Akal",Mismo precio 3 cuotas de 14250,2000 ARS OFF con Cupón,,True,True,,False,MLA60654799,MLA3227997416,MLA60654799,MLAU3921998588,MLA60654799,ORGANIC,False,False,libros de terror,,,636,+9.999 resultados,https://articulo.mercadolibre.com.ar/MLA-3227997416,Llega gratis hoy,OFERTA IMPERDIBLE,,,,MLA412445,MLA-BOOKS,,CORE,CORE,,2026-09-26T20:42:15.767Z,
https://http2.mlstatic.com/D_NQ_NP_972832-MLA93349745965_092025-O.webp,ARS,40499,,,,,,,"Libro La Larga Marcha - Stephen King, De King, Stephen. Editorial Debolsillo, Tapa Blanda (2025)",,,25.0,True,True,,False,MLA57803080,MLA2040739069,MLA57803080,MLAU3573587024,MLA57803080,ORGANIC,False,False,libros de terror,5.0,,589,+9.999 resultados,https://articulo.mercadolibre.com.ar/MLA-2040739069,Llega gratis el lunes,,,,,MLA412445,MLA-BOOKS,,CORE,CORE,,2026-09-26T20:41:27.659Z,
https://http2.mlstatic.com/D_NQ_NP_931725-MLU74106858690_012024-O.webp,ARS,42026,,,,,,,"Terror Kabuki, De Aguilar, Daniel. Editorial Satori Ediciones C.b. En Español",,,,True,True,LIBRENTA Tienda oficial,True,MLA30101532,MLA1831398534,MLA30101532,MLAU395907058,MLA30101532,ORGANIC,False,False,libros de terror,,3.0,74,+9.999 resultados,https://articulo.mercadolibre.com.ar/MLA-1831398534,Llega gratis mañana Enviado por FULL,ÚLTIMAS 2 | ÚLTIMAS UNIDADES,,,,MLA412445,MLA-BOOKS,,CORE,CORE,,2026-09-26T20:35:45.064Z,
https://http2.mlstatic.com/D_NQ_NP_989779-MLA31893444308_082019-O.webp,ARS,35036,37210,5% OFF,,,,,Peliculas Clave Del Cine De Terror Moderno,Mismo precio 3 cuotas de 11678,,,True,True,EDICIONES CONTINENTE Tienda oficial,True,MLA21191386,MLA1405464641,MLA21191386,MLAU161641194,MLA21191386,ORGANIC,False,False,libros de terror,,4.0,238,+9.999 resultados,https://articulo.mercadolibre.com.ar/MLA-1405464641,Envío gratis,,,,,MLA412445,MLA-BOOKS,,CORE,CORE,,2026-09-26T20:36:55.661Z,
https://http2.mlstatic.com/D_NQ_NP_999267-MLA83455974236_042025-O.webp,ARS,20492,22999,10% OFF,,,,,"El Terror De La Princesa, De Cecilia Pisos. Editorial Penguin Kids, Tapa Blanda, Edición 1 En Español, 2025",,,100.0,False,True,LIBRENTA Tienda oficial,True,MLA48294102,MLA1493681513,MLA48294102,MLAU3048162861,MLA48294102,ORGANIC,False,False,libros de terror,4.9,27.0,71,+9.999 resultados,https://articulo.mercadolibre.com.ar/MLA-1493681513,Llega mañana Enviado por FULL,,,,,MLA412445,MLA-BOOKS,,CORE,CORE,,2026-09-26T20:35:45.064Z,
https://http2.mlstatic.com/D_NQ_NP_615448-MLA100007775677_122025-O.webp,ARS,38000,,,,,,,"Araña, De Bilbao, Jon. Editorial Impedimenta, Tapa Blanda, Edición 1 En Español, 2023",,,,True,True,,False,MLA25530341,MLA1932862281,MLA25530341,MLAU4478221883,MLA25530341,ORGANIC,False,False,libros de terror,,,586,+9.999 resultados,https://articulo.mercadolibre.com.ar/MLA-1932862281,Envío gratis,,,,,MLA412445,MLA-BOOKS,,CORE,CORE,,2026-09-26T20:41:27.659Z,
https://http2.mlstatic.com/D_NQ_NP_616703-MLA97121390668_112025-O.webp,ARS,18810,20900,10% OFF,,,,,"Libro Una Piyamada De Terror, De Regina, Michael, Vol. 1. Editorial Capicua, Tapa Blanda (2025)",,,25.0,False,True,NADIR LIBROS Tienda oficial,True,MLA61854510,MLA2789203288,MLA61854510,MLAU3520528145,MLA61854510,ORGANIC,False,False,libros de terror,5.0,,137,+9.999 resultados,https://articulo.mercadolibre.com.ar/MLA-2789203288,,¡ÚLTIMA! | ÚLTIMA UNIDAD,,,,MLA412445,MLA-BOOKS,,CORE,CORE,,2026-09-26T20:36:02.365Z,
https://http2.mlstatic.com/D_NQ_NP_600317-MLA51376121079_092022-O.webp,ARS,6000,,,,,,,Narraciones Extraordinarias - Edgar Allan Poe,,,100.0,False,True,PYQ Tienda oficial,True,MLA19812636,MLA1973180044,MLA19812636,MLAU170870610,MLA19812636,ORGANIC,False,False,libros de terror,4.9,25.0,214,+9.999 resultados,https://articulo.mercadolibre.com.ar/MLA-1973180044,Llega el lunes,ÚLTIMAS 2 | ÚLTIMAS UNIDADES,,,,MLA412445,MLA-BOOKS,,CORE,CORE,,2026-09-26T20:36:55.659Z,
https://http2.mlstatic.com/D_NQ_NP_958514-MLA88587206057_072025-O.webp,ARS,44000,,,,,,,Hellblazer De Brian Azzarello Vol 2 Ed Planeta 408 Págs!!!,,,,True,,,False,MLA2200181364,MLA2200181364,,MLAU3324452250,MLAU3324452250,ORGANIC,False,False,libros de terror,,,927,+9.999 resultados,https://articulo.mercadolibre.com.ar/MLA-2200181364,Llega gratis el lunes,,,,,MLA412445,MLA-BOOKS,,CORE,CORE,,2026-09-26T20:46:42.557Z,
https://http2.mlstatic.com/D_NQ_NP_799874-MLA54141222987_032023-O.webp,ARS,26500,,,,,,,"Cuentos De Fantasmas - Wharton, Edith",,,,True,True,Zivals Tienda oficial,True,MLA22214277,MLA2845890508,MLA22214277,MLAU3778300466,MLA22214277,ORGANIC,False,False,libros de terror,,3.0,319,+9.999 resultados,https://articulo.mercadolibre.com.ar/MLA-2845890508,Llega gratis el lunes,,,,,MLA412445,MLA-BOOKS,,CORE,CORE,,2026-09-26T20:37:45.568Z,
https://http2.mlstatic.com/D_NQ_NP_788774-MLA82451508443_022025-O.webp,ARS,31228,,,,,,,Los Cuadernos De Lovecraft 2 La Ciudad Sin Nombre -minotauro,,,,False,True,MASLIBROS Tienda oficial,True,MLA22072587,MLA1388540301,MLA22072587,MLAU142596043,MLA22072587,ORGANIC,False,False,libros de terror,,1.0,706,+9.999 resultados,https://articulo.mercadolibre.com.ar/MLA-1388540301,,,,,,MLA412445,MLA-BOOKS,,CORE,CORE,,2026-09-26T20:42:57.465Z,
https://http2.mlstatic.com/D_NQ_NP_680309-MLA101154405983_122025-O.webp,ARS,30000,,,,,,,El Sobreviviente - Rosa Amalia Gallo,,,,False,,,False,MLA1566270231,MLA1566270231,,MLAU3517460542,MLAU3517460542,ORGANIC,False,False,libros de terror,,,991,+9.999 resultados,https://articulo.mercadolibre.com.ar/MLA-1566270231,,,,,,MLA412445,MLA-BOOKS,,CORE,CORE,,2026-09-26T20:47:25.171Z,
https://http2.mlstatic.com/D_NQ_NP_644720-MLA113823850493_062026-O.webp,ARS,53887,,,,,,,Kit Stephen King - Cementerio De Animales + Carrie,6 cuotas de 12123,,,True,,LIBRENTA Tienda oficial,True,MLA1859075703,MLA1859075703,,MLAU4158662919,MLAU4158662919,ORGANIC,False,False,libros de terror,,,179,+9.999 resultados,https://articulo.mercadolibre.com.ar/MLA-1859075703,Llega gratis mañana Enviado por FULL,,,,,MLA412445,MLA-BOOKS,,CORE,CORE,,2026-09-26T20:36:29.367Z,
https://http2.mlstatic.com/D_NQ_NP_664738-MLA42926605111_072020-O.webp,ARS,19350,21500,10% OFF,,,,,Colegio Maldito Iii - Gabriel Korenfeld,,,50.0,False,True,Eterna Cadencia Tienda oficial,True,MLA21221097,MLA2828702872,MLA21221097,MLAU283963024,MLA21221097,ORGANIC,False,False,libros de terror,5.0,,347,+9.999 resultados,https://articulo.mercadolibre.com.ar/MLA-2828702872,,,,,,MLA412445,MLA-BOOKS,,CORE,CORE,,2026-09-26T20:38:25.366Z,
https://http2.mlstatic.com/D_NQ_NP_908660-MLA117417562739_092026-O.webp,ARS,23800,,,,,,,Maestros Del Fantastico - N 23 El Escarabajo De Oro,,,,False,,,False,MLA3931244932,MLA3931244932,,MLAU5120404879,MLAU5120404879,ORGANIC,False,False,libros de terror,,,229,+9.999 resultados,https://articulo.mercadolibre.com.ar/MLA-3931244932,,,,,,MLA412445,MLA-BOOKS,,CORE,CORE,,2026-09-26T20:36:55.660Z,
https://http2.mlstatic.com/D_NQ_NP_742050-MLA53431060998_012023-O.webp,ARS,65563,,,,,,,"Narrativa Completa - Lovecraft,h P",o 67563 en 3x 22521 sin interés,,100.0,True,True,,False,MLA22012948,MLA2828752118,MLA22012948,MLAU331902090,MLA22012948,ORGANIC,False,False,libros de terror,4.8,44.0,52,+9.999 resultados,https://articulo.mercadolibre.com.ar/MLA-2828752118,Llega gratis hoy,¡ÚLTIMA! | ÚLTIMA UNIDAD,,,,MLA412445,MLA-BOOKS,,CORE,CORE,,2026-09-26T20:35:45.063Z,
https://http2.mlstatic.com/D_NQ_NP_769772-MLA112963928097_062026-O.webp,ARS,18900,,,,,,,Libro Los Mejores Cuentos De Terror - Varios,,,,True,,,False,MLA1830147911,MLA1830147911,,MLAU4064750847,MLAU4064750847,ORGANIC,False,False,libros de terror,,,877,+9.999 resultados,https://articulo.mercadolibre.com.ar/MLA-1830147911,Llega gratis el lunes,,,,,MLA412445,MLA-BOOKS,,CORE,CORE,,2026-09-26T20:45:19.267Z,
https://http2.mlstatic.com/D_NQ_NP_905165-MLA92348396731_092025-O.webp,ARS,13498,,,,,,,"Adabana, De Non, Vol. 3. Editorial Ivrea Argentina (2025)",,,25.0,False,True,,False,MLA55944431,MLA1690855737,MLA55944431,MLAU3403278173,MLA55944431,ORGANIC,False,False,libros de terror,5.0,,598,+9.999 resultados,https://articulo.mercadolibre.com.ar/MLA-1690855737,Llega el lunes,,,,,MLA412445,MLA-BOOKS,,CORE,CORE,,2026-09-26T20:41:53.068Z,
https://http2.mlstatic.com/D_NQ_NP_874196-MLA82208171121_022025-O.webp,ARS,12000,,,,,,,Bram Stoker - Drácula,,,,False,,,False,MLA1929026444,MLA1929026444,,MLAU1998418672,MLAU1998418672,ORGANIC,False,False,libros de terror,,1.0,588,+9.999 resultados,https://articulo.mercadolibre.com.ar/MLA-1929026444,Llega el lunes,,,,,MLA412445,MLA-BOOKS,,CORE,CORE,,2026-09-26T20:41:27.659Z,
https://http2.mlstatic.com/D_NQ_NP_621121-MLA75142697478_032024-O.webp,ARS,26459,,,,,,,Slavoj Zizek Robespierre Virtud y terror Editorial Akal,,,25.0,True,True,Libros del Camino Tienda oficial,True,MLA22049962,MLA1409804760,MLA22049962,MLAU170006329,MLA22049962,ORGANIC,False,False,libros de terror,4.0,,301,+9.999 resultados,https://articulo.mercadolibre.com.ar/MLA-1409804760,Llega gratis el lunes,,,,,MLA412445,MLA-BOOKS,,CORE,CORE,,2026-09-26T20:37:45.567Z,
https://http2.mlstatic.com/D_NQ_NP_674840-MLA48063443041_102021-O.webp,ARS,90000,,,,,,,Filosofia Del Terror O Paradojas Del Corazon - Noël Carroll,6 cuotas de 20248,,50.0,True,True,,False,MLA20933917,MLA1893240235,MLA20933917,MLAU4314301874,MLA20933917,ORGANIC,False,False,libros de terror,5.0,,653,+9.999 resultados,https://articulo.mercadolibre.com.ar/MLA-1893240235,Envío gratis,,,,,MLA412445,MLA-BOOKS,,CORE,CORE,,2026-09-26T20:42:26.363Z,
https://http2.mlstatic.com/D_NQ_NP_763805-MLA107532209532_032026-O.webp,ARS,26910,29250,8% OFF,,,,,Carrie - Stephen King,,,,False,,Yenny El Ateneo Tienda oficial,True,MLA1691994409,MLA1691994409,,MLAU3823568401,MLAU3823568401,ORGANIC,False,False,libros de terror,,,114,+9.999 resultados,https://articulo.mercadolibre.com.ar/MLA-1691994409,Llega mañana Enviado por FULL,,,,,MLA412445,MLA-BOOKS,,CORE,CORE,,2026-09-26T20:36:02.364Z,
https://http2.mlstatic.com/D_NQ_NP_863930-MLA109903306488_042026-O.webp,ARS,22500,25000,10% OFF,,,,,Terror Y Seducción (nuevo) - Jérémy Rubenstein,,,,False,True,Eterna Cadencia Tienda oficial,True,MLA68507752,MLA3379569168,MLA68507752,MLAU4009752129,MLA68507752,ORGANIC,False,False,libros de terror,,,417,+9.999 resultados,https://articulo.mercadolibre.com.ar/MLA-3379569168,,,,,,MLA412445,MLA-BOOKS,,CORE,CORE,,2026-09-26T20:38:48.174Z,
https://http2.mlstatic.com/D_NQ_NP_649347-MLA115680341037_082026-O.webp,ARS,16110,17900,10% OFF,,,,,Hay Algo Matando Niños No 07 - James Tynion Iv,,,,False,True,Eterna Cadencia Tienda oficial,True,MLA76441004,MLA1954485547,MLA76441004,MLAU4501838198,MLA76441004,ORGANIC,False,False,libros de terror,,,142,+9.999 resultados,https://articulo.mercadolibre.com.ar/MLA-1954485547,,,,,,MLA412445,MLA-BOOKS,,CORE,CORE,,2026-09-26T20:36:02.366Z,
https://http2.mlstatic.com/D_NQ_NP_716059-MLU76769788225_062024-O.webp,ARS,23760,,,,,,,"Angela Della Morte, De Salvador Sanz. Editorial Ovni Press, Tapa Blanda, Edición 2024 En Español, 2024",,,50.0,False,True,,False,MLA37401625,MLA1460585251,MLA37401625,MLAU363677241,MLA37401625,ORGANIC,False,False,libros de terror,4.8,,352,+9.999 resultados,https://articulo.mercadolibre.com.ar/MLA-1460585251,,,,,,MLA412445,MLA-BOOKS,,CORE,CORE,,2026-09-26T20:38:25.366Z,
https://http2.mlstatic.com/D_NQ_NP_638215-MLU77949610809_072024-O.webp,ARS,44995,50499,10% OFF,,,,,Libro Proyecto Hail Mary - Andy Weir,,,1000.0,True,True,LIBRENTA Tienda oficial,True,MLA21270896,MLA1449818224,MLA21270896,MLAU209440016,MLA21270896,ORGANIC,False,False,libros de terror,4.9,179.0,1,+9.999 resultados,https://articulo.mercadolibre.com.ar/MLA-1449818224,Llega gratis mañana Enviado por FULL,,,,,MLA412445,MLA-BOOKS,,CORE,CORE,,2026-09-26T20:35:20.367Z,
https://http2.mlstatic.com/D_NQ_NP_813080-MLU77482634109_072024-O.webp,ARS,25800,,,,,,,"Micropolitica Del Terror - Militantes De Alto Riesgo, Escuadrones: Militantes De Alto Riesgo, Escuadrones, De Manolo Vela Castañeda. Editorial Prometeo, Tapa Blanda, Edición 1 En Español, 2023",Mismo precio 3 cuotas de 8600,,,True,True,,False,MLA38026463,MLA1842645203,MLA38026463,MLAU239782782,MLA38026463,ORGANIC,False,False,libros de terror,,,989,+9.999 resultados,https://articulo.mercadolibre.com.ar/MLA-1842645203,Llega gratis el lunes,,,,,MLA412445,MLA-BOOKS,,CORE,CORE,,2026-09-26T20:47:25.171Z,
https://http2.mlstatic.com/D_NQ_NP_895875-MLA53442028593_012023-O.webp,ARS,26910,,,,,,,Teo Y Ana Investigan El Terror - Alexiev Gandman,,2000 ARS OFF con Cupón,50.0,True,True,,False,MLA21506208,MLA1367936670,MLA21506208,MLAU157468608,MLA21506208,ORGANIC,False,False,libros de terror,4.8,,707,+9.999 resultados,https://articulo.mercadolibre.com.ar/MLA-1367936670,Llega gratis hoy,ÚLTIMAS 3 | ÚLTIMAS UNIDADES,,,,MLA412445,MLA-BOOKS,,CORE,CORE,,2026-09-26T20:42:57.465Z,
https://http2.mlstatic.com/D_NQ_NP_819289-MLA40978809296_032020-O.webp,ARS,18050,19000,5% OFF,,,,,Ocho Porciones De Terror Fabian Sevilla Libro,,,100.0,False,True,NADIR LIBROS Tienda oficial,True,MLA21291392,MLA1322696054,MLA21291392,MLAU280625291,MLA21291392,ORGANIC,False,False,libros de terror,5.0,,224,+9.999 resultados,https://articulo.mercadolibre.com.ar/MLA-1322696054,,ÚLTIMAS 2 | ÚLTIMAS UNIDADES,,,,MLA412445,MLA-BOOKS,,CORE,CORE,,2026-09-26T20:36:55.660Z,
https://http2.mlstatic.com/D_NQ_NP_822882-MLA29444835290_022019-O.webp,ARS,14900,,,,,,,"Bullying, Terror En La Escuela, De Dori Couñago",,,,False,,,False,MLA771690327,MLA771690327,,MLAU278658742,MLAU278658742,ORGANIC,False,False,libros de terror,,,990,+9.999 resultados,https://articulo.mercadolibre.com.ar/MLA-771690327,,,,,,MLA412445,MLA-BOOKS,,CORE,CORE,,2026-09-26T20:47:25.171Z,
https://http2.mlstatic.com/D_NQ_NP_817799-MLA112070500515_052026-O.webp,ARS,30000,,,,,,,Ovni - Superman #2: La Saga De Superboy - John Byrne - Nuevo,,,,True,,,False,MLA3360708530,MLA3360708530,,MLAU3996186388,MLAU3996186388,ORGANIC,False,False,libros de terror,,,741,+9.999 resultados,https://articulo.mercadolibre.com.ar/MLA-3360708530,Llega gratis el lunes,,,,,MLA412445,MLA-BOOKS,,CORE,CORE,,2026-09-26T20:43:22.770Z,
https://http2.mlstatic.com/D_NQ_NP_841932-MLA112704165859_062026-O.webp,ARS,69558,,,,,,,"Libro La Planta De La Atropina, De Read, Sarah, Vol. 1. Editorial Dilatando Mentes Editorial, Tapa Blanda",6 cuotas de 15649,,,True,True,EL RINCON LIBROS Tienda oficial,True,MLA72123450,MLA3421456398,MLA72123450,MLAU3940867484,MLA72123450,ORGANIC,False,False,libros de terror,,,630,+9.999 resultados,https://articulo.mercadolibre.com.ar/MLA-3421456398,Envío gratis,,,,,MLA412445,MLA-BOOKS,,CORE,CORE,,2026-09-26T20:42:15.766Z,
https://http2.mlstatic.com/D_NQ_NP_653788-MLU74114089470_012024-O.webp,ARS,41895,,,,,,,"Los Inamovibles Y Otros Relatos De Atrocidad, Deformidad, Horrror Y Depresion, De Shipley, Gary J.. Editorial Holobionte En Español",,,,True,True,,False,MLA30195080,MLA1571640175,MLA30195080,MLAU3344513113,MLA30195080,ORGANIC,False,False,libros de terror,,,508,+9.999 resultados,https://articulo.mercadolibre.com.ar/MLA-1571640175,Llega gratis el lunes,,,,,MLA412445,MLA-BOOKS,,CORE,CORE,,2026-09-26T20:40:58.960Z,
https://http2.mlstatic.com/D_NQ_NP_822682-MLA82430857751_022025-O.webp,ARS,25630,,,,,,,Libro Necronomicon / H. P. Lovecraft / Ilustrado Tapa Dura,,,100.0,False,True,REFUGIO DEL LECTOR Tienda oficial,True,MLA22139875,MLA2776434278,MLA22139875,MLAU3314441093,MLA22139875,ORGANIC,False,False,libros de terror,4.8,,108,+9.999 resultados,https://articulo.mercadolibre.com.ar/MLA-2776434278,,,,,,MLA412445,MLA-BOOKS,,CORE,CORE,,2026-09-26T20:36:02.364Z,
https://http2.mlstatic.com/D_NQ_NP_613903-MLA104288963667_012026-O.webp,ARS,73999,,,,,,,Enriquez Nuestra Parte De Noche Lugar Soleado Gente Sombría,6 cuotas de 16648,,,True,,,False,MLA2769624644,MLA2769624644,,MLAU3723067162,MLAU3723067162,ORGANIC,False,False,libros de terror,,,825,+9.999 resultados,https://articulo.mercadolibre.com.ar/MLA-2769624644,Llega gratis el lunes,ÚLTIMAS 4 | ÚLTIMAS UNIDADES,,,,MLA412445,MLA-BOOKS,,CORE,CORE,,2026-09-26T20:43:43.962Z,
https://http2.mlstatic.com/D_NQ_NP_973021-MLA82338991585_022025-O.webp,ARS,16300,,,,,,,"Tu Mano En Mi Tumba - Serie Negra - Fabian Sevilla, De Sevilla, Fabian. Serie Negra, Vol. 1. Editorial Quipu, Tapa Blanda En Español, 2024",,,100.0,True,True,,False,MLA45998130,MLA3955805874,MLA45998130,MLAU5208176402,MLA45998130,ORGANIC,False,False,libros de terror,4.9,,210,+9.999 resultados,https://articulo.mercadolibre.com.ar/MLA-3955805874,Llega gratis el lunes,,,,,MLA412445,MLA-BOOKS,,CORE,CORE,,2026-09-26T20:36:55.659Z,
https://http2.mlstatic.com/D_NQ_NP_776153-MCO74073026050_012024-O.webp,ARS,36604,38900,5% OFF,,,,,Dagón Y Otros Relatos Iniciales / H.p. Lovecraft (t.d),,,25.0,True,True,SBS Librerias Tienda oficial,True,MLA21671754,MLA1398891357,MLA21671754,MLAU304556850,MLA21671754,ORGANIC,False,False,libros de terror,5.0,4.0,221,+9.999 resultados,https://articulo.mercadolibre.com.ar/MLA-1398891357,Llega gratis el lunes,,,,,MLA412445,MLA-BOOKS,,CORE,CORE,,2026-09-26T20:36:55.660Z,
https://http2.mlstatic.com/D_NQ_NP_605871-MLA47229358588_082021-O.webp,ARS,41780,44400,5% OFF,,,,,Los Mitos De Cthulhú -(nva Ed) (clasicos),Mismo precio 3 cuotas de 13926,,100.0,True,True,SBS Librerias Tienda oficial,True,MLA22028625,MLA1426274693,MLA22028625,MLAU210691996,MLA22028625,ORGANIC,False,False,libros de terror,5.0,26.0,219,+9.999 resultados,https://articulo.mercadolibre.com.ar/MLA-1426274693,Llega gratis el lunes,ÚLTIMAS 3 | ÚLTIMAS UNIDADES,,,,MLA412445,MLA-BOOKS,,CORE,CORE,,2026-09-26T20:36:55.660Z,
https://http2.mlstatic.com/D_NQ_NP_931523-MLA117877610475_092026-O.webp,ARS,13990,,,,,,,Gaturro Y La Mansión Del Terror - Nico - Primera Sudamerican,,,,False,,,False,MLA3968537196,MLA3968537196,,MLAU5242541396,MLAU5242541396,ORGANIC,False,False,libros de terror,,,44,+9.999 resultados,https://articulo.mercadolibre.com.ar/MLA-3968537196,,,,,,MLA412445,MLA-BOOKS,,CORE,CORE,,2026-09-26T20:35:20.460Z,
https://http2.mlstatic.com/D_NQ_NP_706217-MLA84715417909_052025-O.webp,ARS,36418,39900,8% OFF,,,,,"Drácula, De Bram Stoker. Editorial Del Fondo Editorial, Tapa Blanda En Español",,,25.0,True,True,SBS Librerias Tienda oficial,True,MLA50011046,MLA1696267991,MLA50011046,MLAU3837556150,MLA50011046,ORGANIC,False,False,libros de terror,5.0,6.0,138,+9.999 resultados,https://articulo.mercadolibre.com.ar/MLA-1696267991,Llega gratis el lunes,OFERTA IMPERDIBLE,,,,MLA412445,MLA-BOOKS,,CORE,CORE,,2026-09-26T20:36:02.365Z,
https://http2.mlstatic.com/D_NQ_NP_909450-MLA98079533676_112025-O.webp,ARS,9499,,,,,,,"Tokyo Underworld, De Kenji Sakaki, Vol. 3. Editorial Ivrea Argentina (2025)",,,,False,True,,False,MLA62236998,MLA1651696219,MLA62236998,MLAU3559491801,MLA62236998,ORGANIC,False,False,libros de terror,,,500,+9.999 resultados,https://articulo.mercadolibre.com.ar/MLA-1651696219,Llega el lunes,,,,,MLA412445,MLA-BOOKS,,CORE,CORE,,2026-09-26T20:40:58.960Z,
https://http2.mlstatic.com/D_NQ_NP_629549-MLA112608545847_062026-O.webp,ARS,28000,,,,,,,"Una Breve Estancia En El Infierno - L.peck, Steven",,,25.0,False,True,LIBRENTA Tienda oficial,True,MLA71170177,MLA3540404594,MLA71170177,MLAU3919573998,MLA71170177,ORGANIC,False,False,libros de terror,5.0,2.0,40,+9.999 resultados,https://articulo.mercadolibre.com.ar/MLA-3540404594,Llega mañana Enviado por FULL,,,,,MLA412445,MLA-BOOKS,,CORE,CORE,,2026-09-26T20:35:20.460Z,
https://http2.mlstatic.com/D_NQ_NP_798445-MLA73667522709_122023-O.webp,ARS,50348,,,,,,,Un Vecino Anormal  -  Ladron Del Chocolate + Casa Del Terror,6 cuotas de 11327,,,True,,VENTADELIBROSCOMAR PALERMO Tienda oficial,True,MLA1612044072,MLA1612044072,,MLAU246375627,MLAU246375627,ORGANIC,False,False,libros de terror,,2.0,522,+9.999 resultados,https://articulo.mercadolibre.com.ar/MLA-1612044072,Llega gratis el lunes,ÚLTIMAS 2 | ÚLTIMAS UNIDADES,,,,MLA412445,MLA-BOOKS,,CORE,CORE,,2026-09-26T20:40:58.961Z,
https://http2.mlstatic.com/D_NQ_NP_689725-MLA79527916696_102024-O.webp,ARS,20699,22999,10% OFF,,,,,La Fábrica Del Terror 1 - Ana María Shua - Sudamericana,,,100.0,False,True,NADIR LIBROS Tienda oficial,True,MLA22012483,MLA1380227757,MLA22012483,MLAU220173414,MLA22012483,ORGANIC,False,False,libros de terror,4.8,12.0,77,+9.999 resultados,https://articulo.mercadolibre.com.ar/MLA-1380227757,,¡ÚLTIMA! | ÚLTIMA UNIDAD,,,,MLA412445,MLA-BOOKS,,CORE,CORE,,2026-09-26T20:35:45.064Z,
https://http2.mlstatic.com/D_NQ_NP_716047-MLA29643448964_032019-O.webp,ARS,28990,,,,,,,Lo Mas Cruel Del Invierno - Chris Priestley,,,25.0,True,True,,False,MLA22166302,MLA2124354299,MLA22166302,MLAU5264606611,MLA22166302,ORGANIC,False,False,libros de terror,5.0,,711,+9.999 resultados,https://articulo.mercadolibre.com.ar/MLA-2124354299,Llega gratis el lunes,,,,,MLA412445,MLA-BOOKS,,CORE,CORE,,2026-09-26T20:42:57.465Z,
https://http2.mlstatic.com/D_NQ_NP_722007-MLU77291989690_072024-O.webp,ARS,30600,,,,,,,"La Filosofia En Una Epoca De Terror: Dialogos Con Jurgen Habermas Y Jacques Derrida, De Borradori/ Habermas/derrida. N/a, Vol. Volumen Unico. Editorial Taurus, Tapa Blanda, Edición 1 En Español",,,,True,True,Libreria Hernandez Tienda oficial,True,MLA34234994,MLA1702363940,MLA34234994,MLAU124406584,MLA34234994,ORGANIC,False,False,libros de terror,,6.0,372,+9.999 resultados,https://articulo.mercadolibre.com.ar/MLA-1702363940,Llega gratis el lunes,ÚLTIMAS 3 | ÚLTIMAS UNIDADES,,,,MLA412445,MLA-BOOKS,,CORE,CORE,,2026-09-26T20:38:25.457Z,
https://http2.mlstatic.com/D_NQ_NP_975678-MLA111529528458_062026-O.webp,ARS,54578,"58000,8",5% OFF,,,,,Witchcraft For Wayward Girls - Grady Hendrix,Mismo precio 3 cuotas de 18192,,,True,True,SBS Librerias Tienda oficial,True,MLA70785665,MLA3773425878,MLA70785665,MLAU3422122007,MLA70785665,ORGANIC,False,False,libros de terror,,,591,+9.999 resultados,https://articulo.mercadolibre.com.ar/MLA-3773425878,Llega gratis el lunes,,,,,MLA412445,MLA-BOOKS,,CORE,CORE,,2026-09-26T20:41:27.659Z,
https://http2.mlstatic.com/D_NQ_NP_875759-MLA99590911438_122025-O.webp,ARS,13495,,,,,,,Dracula - Novela Grafica - Jose A. Ocampo Ruiz / Bram Stoker,,2000 ARS OFF con Cupón,100.0,False,True,,False,MLA21199189,MLA1367060108,MLA21199189,MLAU169604773,MLA21199189,ORGANIC,False,False,libros de terror,4.8,18.0,378,+9.999 resultados,https://articulo.mercadolibre.com.ar/MLA-1367060108,Llega hoy,ÚLTIMAS 3 | ÚLTIMAS UNIDADES,,,,MLA412445,MLA-BOOKS,,CORE,CORE,,2026-09-26T20:38:25.457Z,
https://http2.mlstatic.com/D_NQ_NP_833310-MLA115357528120_082026-O.webp,ARS,28000,,,,,,,El Exorcista William Peter Blatty 1° Edición 1975 Impecable,,,,False,,,False,MLA2039129311,MLA2039129311,,MLAU4974522304,MLAU4974522304,ORGANIC,False,False,libros de terror,,,850,+9.999 resultados,https://articulo.mercadolibre.com.ar/MLA-2039129311,,,,,,MLA412445,MLA-BOOKS,,CORE,CORE,,2026-09-26T20:44:48.360Z,
https://http2.mlstatic.com/D_NQ_NP_966214-MLA108572753970_032026-O.webp,ARS,14000,,,,,,,"Libro Cuentos De Terror Antologia, De Lovecraft Stoker Chejov Etc, Vol. No. Editorial Andres Bello, Tapa Blanda ( 1995)",,,,False,True,,False,MLA67095594,MLA1846024741,MLA67095594,MLAU4133517696,MLA67095594,ORGANIC,False,False,libros de terror,,,517,+9.999 resultados,https://articulo.mercadolibre.com.ar/MLA-1846024741,,,,,,MLA412445,MLA-BOOKS,,CORE,CORE,,2026-09-26T20:40:58.961Z,
https://http2.mlstatic.com/D_NQ_NP_968137-MLA45519589027_042021-O.webp,ARS,82500,,,,,,,El Rey De Amarillo Robert W Chambers Editorial Valdemar,6 cuotas de 18561,,25.0,True,True,,False,MLA21185349,MLA1679381221,MLA21185349,MLAU3798453649,MLA21185349,ORGANIC,False,False,libros de terror,4.9,,200,+9.999 resultados,https://articulo.mercadolibre.com.ar/MLA-1679381221,Llega gratis el lunes,,,,,MLA412445,MLA-BOOKS,,CORE,CORE,,2026-09-26T20:36:55.659Z,
https://http2.mlstatic.com/D_NQ_NP_959978-MLA117941905087_092026-O.webp,ARS,194000,,,,,,,Lote X12 Libros Alfred Hitchcock A Sangre Viva Tumba Abierta,6 cuotas de 43646,,,True,,,False,MLA3972336014,MLA3972336014,,MLAU5217269517,MLAU5217269517,ORGANIC,False,False,libros de terror,,,31,+9.999 resultados,https://articulo.mercadolibre.com.ar/MLA-3972336014,Envío gratis,,,,,MLA412445,MLA-BOOKS,,CORE,CORE,,2026-09-26T20:35:20.459Z,
https://http2.mlstatic.com/D_NQ_NP_801278-MLA91431135488_092025-O.webp,ARS,5250,,,,,,,"Libro La Leyenda Del Jinete Sin Cabeza / El Fantasma De Canterville, De Washington Irving / Oscar Wilde. Editorial Debolsillo, Tapa Blanda (2023), Colección Literatura",,,25.0,False,True,,False,MLA54812849,MLA1532740763,MLA54812849,MLAU333444698,MLA54812849,ORGANIC,False,False,libros de terror,4.8,5.0,823,+9.999 resultados,https://articulo.mercadolibre.com.ar/MLA-1532740763,Llega el lunes,,,,,MLA412445,MLA-BOOKS,,CORE,CORE,,2026-09-26T20:43:43.962Z,
https://http2.mlstatic.com/D_NQ_NP_791799-MLA45576374878_042021-O.webp,ARS,43288,,,,,,,"El Terror Que Acecha En La Noche - Hufford, David",,,,True,True,MASLIBROS Tienda oficial,True,MLA21181551,MLA1381341175,MLA21181551,MLAU191294562,MLA21181551,ORGANIC,False,False,libros de terror,,2.0,762,+9.999 resultados,https://articulo.mercadolibre.com.ar/MLA-1381341175,Envío gratis,,,,,MLA412445,MLA-BOOKS,,CORE,CORE,,2026-09-26T20:43:22.771Z,
https://http2.mlstatic.com/D_NQ_NP_856907-MLA96792568884_112025-O.webp,ARS,9000,,,,,,,Frankenstein Shelley Malva Gradifco Nuevo ^,,,,False,,,False,MLA1574752579,MLA1574752579,,MLAU3541664856,MLAU3541664856,ORGANIC,False,False,libros de terror,,,837,+9.999 resultados,https://articulo.mercadolibre.com.ar/MLA-1574752579,Llega el lunes,¡ÚLTIMA! | ÚLTIMA UNIDAD,,,,MLA412445,MLA-BOOKS,,CORE,CORE,,2026-09-26T20:44:48.359Z,
https://http2.mlstatic.com/D_NQ_NP_611883-MLC53169599623_012023-O.webp,ARS,51452,56900,9% OFF,,,,,Pack Historias De Vampiros,Mismo precio 3 cuotas de 17150,,,True,True,EDICIONES CONTINENTE Tienda oficial,True,MLA21433981,MLA1951849110,MLA21433981,MLAU2703079685,MLA21433981,ORGANIC,False,False,libros de terror,,2.0,590,+9.999 resultados,https://articulo.mercadolibre.com.ar/MLA-1951849110,Envío gratis,,,,,MLA412445,MLA-BOOKS,,CORE,CORE,,2026-09-26T20:41:27.659Z,
https://http2.mlstatic.com/D_NQ_NP_838029-MLU73543847218_122023-O.webp,ARS,12340,,,,,,,Rincones Tenebrosos - Fabian Sevilla,,,50.0,False,True,,False,MLA21217697,MLA3862740890,MLA21217697,MLAU4957383118,MLA21217697,ORGANIC,False,False,libros de terror,5.0,,427,+9.999 resultados,https://articulo.mercadolibre.com.ar/MLA-3862740890,Llega el lunes,,,,,MLA412445,MLA-BOOKS,,CORE,CORE,,2026-09-26T20:38:48.174Z,
https://http2.mlstatic.com/D_NQ_NP_843116-MLA99940588445_112025-O.webp,ARS,35972,37900,5% OFF,,,,,"Misery, De King, Stephen. Editorial Debolsillo, Tapa Blanda En Español, 2019",,,50.0,True,True,Zivals Tienda oficial,True,MLA24550195,MLA1623078345,MLA24550195,MLAU3688747161,MLA24550195,ORGANIC,False,False,libros de terror,4.8,89.0,98,+9.999 resultados,https://articulo.mercadolibre.com.ar/MLA-1623078345,Llega gratis mañana Enviado por FULL,ÚLTIMAS 4 | ÚLTIMAS UNIDADES,,,,MLA412445,MLA-BOOKS,,CORE,CORE,,2026-09-26T20:36:02.363Z,
https://http2.mlstatic.com/D_NQ_NP_838577-MLA52064929395_102022-O.webp,ARS,14730,,,,,,,El Tour De Jack El Destripador - G. Portantier,,,,False,True,,False,MLA21243883,MLA2045557003,MLA21243883,MLAU4941036351,MLA21243883,ORGANIC,False,False,libros de terror,,,629,+9.999 resultados,https://articulo.mercadolibre.com.ar/MLA-2045557003,,,,,,MLA412445,MLA-BOOKS,,CORE,CORE,,2026-09-26T20:42:15.766Z,
https://http2.mlstatic.com/D_NQ_NP_647549-MLU77447079310_072024-O.webp,ARS,71100,79000,10% OFF,,,,,"Obras Completas De Edgar Allan Poe, De Edgar Allan Poe. Editorial Del Nuevo Extremo, Tapa Blanda En Español",Mismo precio 3 cuotas de 23700,,100.0,True,True,LEOBOOKS Tienda oficial,True,MLA23571549,MLA1433738178,MLA23571549,MLAU127321441,MLA23571549,ORGANIC,False,False,libros de terror,4.8,40.0,397,+9.999 resultados,https://articulo.mercadolibre.com.ar/MLA-1433738178,Llega gratis el lunes,,,,,MLA412445,MLA-BOOKS,,CORE,CORE,,2026-09-26T20:38:48.173Z,
https://http2.mlstatic.com/D_NQ_NP_851744-MLA28782993732_112018-O.webp,ARS,6500,,,,,,,Relatos De Horror - Howard Lovecraft,,,100.0,False,True,,False,MLA21137758,MLA1479728738,MLA21137758,MLAU275079451,MLA21137758,ORGANIC,False,False,libros de terror,4.8,,308,+9.999 resultados,https://articulo.mercadolibre.com.ar/MLA-1479728738,Llega el lunes,,,,,MLA412445,MLA-BOOKS,,CORE,CORE,,2026-09-26T20:37:45.568Z,
https://http2.mlstatic.com/D_NQ_NP_811327-MLA112057047825_052026-O.webp,ARS,12599,13999,10% OFF,,,,,Cuentos De Terror Y Locura,o 13999 con otros medios,,,False,True,LIBRENTA Tienda oficial,True,MLA70106433,MLA3363420618,MLA70106433,MLAU3970648003,MLA70106433,ORGANIC,False,False,libros de terror,,2.0,60,+9.999 resultados,https://articulo.mercadolibre.com.ar/MLA-3363420618,Llega mañana Enviado por FULL,,,,,MLA412445,MLA-BOOKS,,CORE,CORE,,2026-09-26T20:35:45.063Z,
https://http2.mlstatic.com/D_NQ_NP_710013-MLA103763453550_012026-O.webp,ARS,73999,,,,,,,Enriquez Lugar Soleado Cosas Perdimos Fuego Fumar En La Cama,6 cuotas de 16648,,,True,,,False,MLA2769469016,MLA2769469016,,MLAU3714265061,MLAU3714265061,ORGANIC,False,False,libros de terror,,,874,+9.999 resultados,https://articulo.mercadolibre.com.ar/MLA-2769469016,Llega gratis el lunes,,,,,MLA412445,MLA-BOOKS,,CORE,CORE,,2026-09-26T20:45:19.267Z,
https://http2.mlstatic.com/D_NQ_NP_847568-MLA111553195116_062026-O.webp,ARS,39900,,,,,,,"Libro La Yihad Terrorista., de Luis de la Corte Ibáñez, vol. 1. Editorial Síntesis, tapa blanda (2007)",,,,True,True,,False,MLA71373983,MLA3420282910,MLA71373983,MLAU4042100207,MLA71373983,ORGANIC,False,False,libros de terror,,,925,+9.999 resultados,https://articulo.mercadolibre.com.ar/MLA-3420282910,Llega gratis el lunes,,,,,MLA412445,MLA-BOOKS,,CORE,CORE,,2026-09-26T20:46:42.556Z,
https://http2.mlstatic.com/D_NQ_NP_887228-MLA72363826793_102023-O.webp,ARS,21500,,,,,,,"Dracula - Penguin Readers Level 3 Kel Ediciones, De Stoker, Bram. Editorial Penguin Books Ltd. En Inglés",,,50.0,True,True,PYQ Tienda oficial,True,MLA27805407,MLA2180957524,MLA27805407,MLAU3294696101,MLA27805407,ORGANIC,False,False,libros de terror,4.8,10.0,193,+9.999 resultados,https://articulo.mercadolibre.com.ar/MLA-2180957524,Llega gratis el lunes,ÚLTIMAS 3 | ÚLTIMAS UNIDADES,,,,MLA412445,MLA-BOOKS,,CORE,CORE,,2026-09-26T20:36:55.658Z,
https://http2.mlstatic.com/D_NQ_NP_773245-MLA49130238508_022022-O.webp,ARS,42322,47499,10% OFF,,,,,Masacre En El Comedor - Reato - Sudamericana - Libro,,,1000.0,True,True,LIBRENTA Tienda oficial,True,MLA19871750,MLA1262050328,MLA19871750,MLAU215409753,MLA19871750,ORGANIC,False,False,libros de terror,4.9,156.0,42,+9.999 resultados,https://articulo.mercadolibre.com.ar/MLA-1262050328,Llega gratis mañana Enviado por FULL,ÚLTIMAS 2 | ÚLTIMAS UNIDADES,,,,MLA412445,MLA-BOOKS,,CORE,CORE,,2026-09-26T20:35:20.460Z,
https://http2.mlstatic.com/D_NQ_NP_962574-MLU69792285574_062023-O.webp,ARS,52822,,,,,,,"Los Crimenes De Hamlet, De Ramos Malenka. Editorial Contraluz Editorial, Tapa Dura En Español, 2023",6 cuotas de 11884,,,True,True,MASLIBROS Tienda oficial,True,MLA23733212,MLA1381981041,MLA23733212,MLAU144149722,MLA23733212,ORGANIC,False,False,libros de terror,,,896,+9.999 resultados,https://articulo.mercadolibre.com.ar/MLA-1381981041,Envío gratis,,,,,MLA412445,MLA-BOOKS,,CORE,CORE,,2026-09-26T20:46:42.473Z,
https://http2.mlstatic.com/D_NQ_NP_615763-MLU79186655033_092024-O.webp,ARS,71550,79500,10% OFF,,,,,"Sky Masters Of The Space Force (tiras Diarias 1958-1961): Recopilación Completa De Las Tiras Diarias (1958-1961), De Jack Kirby., Vol. 1. Editorial Aleta Ediciones, Tapa Dura En Español",6 cuotas de 16097,,,True,True,Eterna Cadencia Tienda oficial,True,MLA40632330,MLA2856255336,MLA40632330,MLAU3698274160,MLA40632330,ORGANIC,False,False,libros de terror,,,405,+9.999 resultados,https://articulo.mercadolibre.com.ar/MLA-2856255336,Envío gratis,,,,,MLA412445,MLA-BOOKS,,CORE,CORE,,2026-09-26T20:38:48.174Z,
https://http2.mlstatic.com/D_NQ_NP_859138-MLA53145815751_012023-O.webp,ARS,27440,,,,,,,Saga De Swamp Thing Libro 05 (2ª Ed.) - Moore Alan,,,25.0,True,True,UBIK Libros Comics Tienda oficial,True,MLA21380049,MLA2830479218,MLA21380049,MLAU202244463,MLA21380049,ORGANIC,False,False,libros de terror,4.8,3.0,604,+9.999 resultados,https://articulo.mercadolibre.com.ar/MLA-2830479218,Llega gratis el lunes,,,,,MLA412445,MLA-BOOKS,,CORE,CORE,,2026-09-26T20:42:15.765Z,
https://http2.mlstatic.com/D_NQ_NP_615795-MLU74480111915_022024-O.webp,ARS,38812,,,,,,,"Terrorismo, Tortura Y Derecho Penal. Respuestas En Situaciones De Emergencia., De Ambos, Kai. Editorial Atelier Libros S.a., Tapa Blanda En Español",,,,True,True,LIBRENTA Tienda oficial,True,MLA32558411,MLA2260323806,MLA32558411,MLAU3364795011,MLA32558411,ORGANIC,False,False,libros de terror,,,947,+9.999 resultados,https://articulo.mercadolibre.com.ar/MLA-2260323806,Envío gratis,,,,,MLA412445,MLA-BOOKS,,CORE,CORE,,2026-09-26T20:47:08.560Z,
https://http2.mlstatic.com/D_NQ_NP_603256-MLA41776034716_052020-O.webp,ARS,16990,,,,,,,Cuentos De Terror Y Espanto,Mismo precio 3 cuotas de 5663,,,False,True,,False,MLA21977349,MLA1424711491,MLA21977349,MLAU282410251,MLA21977349,ORGANIC,False,False,libros de terror,,,353,+9.999 resultados,https://articulo.mercadolibre.com.ar/MLA-1424711491,,,,,,MLA412445,MLA-BOOKS,,CORE,CORE,,2026-09-26T20:38:25.366Z,
https://http2.mlstatic.com/D_NQ_NP_871362-MLA106202454097_012026-O.webp,ARS,12000,,,,,,,"Libro Aventuras De La Historia Vivir En El Fuerte, De Playmobil. Editorial Planeta, Tapa Dura",,,25.0,False,True,,False,MLA65112857,MLA1665090507,MLA65112857,MLAU3306543220,MLA65112857,ORGANIC,False,False,libros de terror,5.0,2.0,779,+9.999 resultados,https://articulo.mercadolibre.com.ar/MLA-1665090507,,,,,,MLA412445,MLA-BOOKS,,CORE,CORE,,2026-09-26T20:43:22.772Z,
https://http2.mlstatic.com/D_NQ_NP_685712-MLA99937002885_112025-O.webp,ARS,18000,,,,,,,Libro Alguien Llama A La Ventana De Cristina Bajo,,,25.0,False,True,,False,MLA22216619,MLA1492343353,MLA22216619,MLAU3143923705,MLA22216619,ORGANIC,False,False,libros de terror,5.0,,632,+9.999 resultados,https://articulo.mercadolibre.com.ar/MLA-1492343353,,,,,,MLA412445,MLA-BOOKS,,CORE,CORE,,2026-09-26T20:42:15.766Z,
https://http2.mlstatic.com/D_NQ_NP_966519-MLA99558123448_122025-O.webp,ARS,8000,,,,,,,"El Terror De Los Maridos, De Ana Rosenfeld. Editorial Planeta En Español",,,25.0,False,True,Libros del Camino Tienda oficial,True,MLA23636407,MLA2097867443,MLA23636407,MLAU3517616034,MLA23636407,ORGANIC,False,False,libros de terror,5.0,,544,+9.999 resultados,https://articulo.mercadolibre.com.ar/MLA-2097867443,Llega el lunes,,,,,MLA412445,MLA-BOOKS,,CORE,CORE,,2026-09-26T20:40:58.966Z,
https://http2.mlstatic.com/D_NQ_NP_788038-MLU79040557612_092024-O.webp,ARS,16500,,,,,,,"Cuentos De Mucho Terror, De Marina Rodriguez Felder., Vol. 1. Editorial Grupo Imaginador, Tapa Blanda En Español, 2024",,,,False,True,Estacion Libro Tienda oficial,True,MLA40810678,MLA1952399794,MLA40810678,MLAU376341082,MLA40810678,ORGANIC,False,False,libros de terror,,,635,+9.999 resultados,https://articulo.mercadolibre.com.ar/MLA-1952399794,,,,,,MLA412445,MLA-BOOKS,,CORE,CORE,,2026-09-26T20:42:15.767Z,
https://http2.mlstatic.com/D_NQ_NP_847451-MLA111554261691_052026-O.webp,ARS,47530,,,,,,,Pie De Bruja - Brom,6 cuotas de 10693,,50.0,True,True,PANDORA LIBROS TU LIBRERIA ONL Tienda oficial,True,MLA69554345,MLA2066338233,MLA69554345,MLAU4744399912,MLA69554345,ORGANIC,False,False,libros de terror,5.0,,105,+9.999 resultados,https://articulo.mercadolibre.com.ar/MLA-2066338233,Envío gratis,,,,,MLA412445,MLA-BOOKS,,CORE,CORE,,2026-09-26T20:36:02.364Z,
https://http2.mlstatic.com/D_NQ_NP_639754-MLU74104749428_012024-O.webp,ARS,45187,,,,,,,Cómic El Pequeño Vampir La Peli De Terror Joann Sfar Español,,,,True,True,LIBRENTA Tienda oficial,True,MLA30085788,MLA1515300033,MLA30085788,MLAU3363912703,MLA30085788,ORGANIC,False,False,libros de terror,,,942,+9.999 resultados,https://articulo.mercadolibre.com.ar/MLA-1515300033,Envío gratis,,,,,MLA412445,MLA-BOOKS,,CORE,CORE,,2026-09-26T20:47:08.560Z,
https://http2.mlstatic.com/D_NQ_NP_682733-MLA40110016614_122019-O.webp,ARS,70537,74250,5% OFF,,,,,"Creepshow de Stephen King y Bernie Wrightson, de King, Stephen. Cómics Editorial Comics Mexico, tapa dura en español, 2019",6 cuotas de 15869,,50.0,True,True,ENTELEQUIA Tienda oficial,True,MLA21260278,MLA2058404156,MLA21260278,MLAU221763829,MLA21260278,ORGANIC,False,False,libros de terror,4.9,25.0,276,+9.999 resultados,https://articulo.mercadolibre.com.ar/MLA-2058404156,Llega gratis el lunes,,,,,MLA412445,MLA-BOOKS,,CORE,CORE,,2026-09-26T20:37:19.479Z,
https://http2.mlstatic.com/D_NQ_NP_767143-MLU75716238137_042024-O.webp,ARS,20717,,,,,,,"Vinicula, De Eguiluz Gonzalez Silvia. Editorial Con Pluma Y Pixel, Tapa Blanda En Español, 2024",,,,False,True,LIBRENTA Tienda oficial,True,MLA35644077,MLA2617132348,MLA35644077,MLAU3647740758,MLA35644077,ORGANIC,False,False,libros de terror,,,934,+9.999 resultados,https://articulo.mercadolibre.com.ar/MLA-2617132348,,,,,,MLA412445,MLA-BOOKS,,CORE,CORE,,2026-09-26T20:46:42.557Z,
https://http2.mlstatic.com/D_NQ_NP_633704-MLU53348492670_012023-O.webp,ARS,20231,21500,5% OFF,,,,,"Colegio Maldito II. El Secreto Del Director - Korenfeld, Gab",,,100.0,True,True,SBS Librerias Tienda oficial,True,MLA21496549,MLA1471818400,MLA21496549,MLAU278727256,MLA21496549,ORGANIC,False,False,libros de terror,4.6,16.0,111,+9.999 resultados,https://articulo.mercadolibre.com.ar/MLA-1471818400,Llega gratis el lunes,OFERTA IMPERDIBLE,,,,MLA412445,MLA-BOOKS,,CORE,CORE,,2026-09-26T20:36:02.364Z,
https://http2.mlstatic.com/D_NQ_NP_857043-MLA30993186125_062019-O.webp,ARS,9900,,,,,,,Junto A Un Muerto Y Otros - De Maupassant Terror Y Misterio,,,50.0,False,True,PYQ Tienda oficial,True,MLA21372394,MLA1904036061,MLA21372394,MLAU4340441337,MLA21372394,ORGANIC,False,False,libros de terror,4.7,,149,+9.999 resultados,https://articulo.mercadolibre.com.ar/MLA-1904036061,Llega el lunes,,,,,MLA412445,MLA-BOOKS,,CORE,CORE,,2026-09-26T20:36:29.366Z,
https://http2.mlstatic.com/D_NQ_NP_981288-MLU79091470524_092024-O.webp,ARS,24000,,,,,,,"El Palacio Infinito, De Kago, Shintaro., Vol. 1. Editorial Moztros Producciones Sl, Tapa Blanda En Español",,,25.0,True,True,,False,MLA40899347,MLA2247421502,MLA40899347,MLAU3364730190,MLA40899347,ORGANIC,False,False,libros de terror,5.0,,383,+9.999 resultados,https://articulo.mercadolibre.com.ar/MLA-2247421502,Llega gratis el lunes,,,,,MLA412445,MLA-BOOKS,,CORE,CORE,,2026-09-26T20:38:25.457Z,
https://http2.mlstatic.com/D_NQ_NP_937790-MLA85075727923_052025-O.webp,ARS,22381,,,,,,,"Terror En El Titanic: Elige Tu Propia Aventura, De Wallace, Jim., Vol. 1. Editorial Molino, Tapa Blanda En Español, 2025",,,,False,True,LIBRENTA Tienda oficial,True,MLA50294181,MLA1514304203,MLA50294181,MLAU3355711834,MLA50294181,ORGANIC,False,False,libros de terror,,,495,+9.999 resultados,https://articulo.mercadolibre.com.ar/MLA-1514304203,,,,,,MLA412445,MLA-BOOKS,,CORE,CORE,,2026-09-26T20:39:50.864Z,
https://http2.mlstatic.com/D_NQ_NP_878245-MLU72970551089_112023-O.webp,ARS,27400,,,,,,,The King In Yellow - Robert W. Chambers,,,100.0,True,True,SBS Librerias Tienda oficial,True,MLA21231183,MLA1473827562,MLA21231183,MLAU310414249,MLA21231183,ORGANIC,False,False,libros de terror,4.6,10.0,818,+9.999 resultados,https://articulo.mercadolibre.com.ar/MLA-1473827562,Llega gratis el lunes,,,,,MLA412445,MLA-BOOKS,,CORE,CORE,,2026-09-26T20:43:43.962Z,
https://http2.mlstatic.com/D_NQ_NP_820565-MLA99368787060_112025-O.webp,ARS,118500,,,,,,,"Aidp Integral Vol.1, De Mignola, Mike. Editorial Norma Editorial, S.a., Tapa Dura En Español",6 cuotas de 26660,,25.0,True,True,,False,MLA24014905,MLA1458301925,MLA24014905,MLAU146002586,MLA24014905,ORGANIC,False,False,libros de terror,5.0,,582,+9.999 resultados,https://articulo.mercadolibre.com.ar/MLA-1458301925,Llega gratis el lunes,,,,,MLA412445,MLA-BOOKS,,CORE,CORE,,2026-09-26T20:41:27.659Z,
https://http2.mlstatic.com/D_NQ_NP_941792-MLA97972714988_112025-O.webp,ARS,31999,,,,,,,"Holly, De Stephen King. Editorial Debolsillo - Penguin Random House (2025)",,,50.0,True,True,,False,MLA62192428,MLA2911503318,MLA62192428,MLAU3527142223,MLA62192428,ORGANIC,False,False,libros de terror,4.8,26.0,82,+9.999 resultados,https://articulo.mercadolibre.com.ar/MLA-2911503318,Llega gratis el lunes,ÚLTIMAS 2 | ÚLTIMAS UNIDADES,,,,MLA412445,MLA-BOOKS,,CORE,CORE,,2026-09-26T20:35:45.065Z,
https://http2.mlstatic.com/D_NQ_NP_772425-MLA93486256883_092025-O.webp,ARS,28900,,,,,,,Cómo Desaparecer Completamente / Mariana Enríquez / Nuevo!!!,,,100.0,True,,,False,MLA2397722408,MLA2397722408,,MLAU3444462987,MLAU3444462987,ORGANIC,False,False,libros de terror,5.0,6.0,146,+9.999 resultados,https://articulo.mercadolibre.com.ar/MLA-2397722408,Llega gratis el lunes,¡ÚLTIMA! | ÚLTIMA UNIDAD,,,,MLA412445,MLA-BOOKS,,CORE,CORE,,2026-09-26T20:36:29.366Z,
https://http2.mlstatic.com/D_NQ_NP_943026-MLA111537564046_062026-O.webp,ARS,25725,,,,,,,"Terrorismo Y Comunismo - Trotsky, Lev",,,,False,True,LIBRENTA Tienda oficial,True,MLA70999348,MLA1823856867,MLA70999348,MLAU3973670595,MLA70999348,ORGANIC,False,False,libros de terror,,,931,+9.999 resultados,https://articulo.mercadolibre.com.ar/MLA-1823856867,,,,,,MLA412445,MLA-BOOKS,,CORE,CORE,,2026-09-26T20:46:42.557Z,
https://http2.mlstatic.com/D_NQ_NP_966897-MLA100502991123_122025-O.webp,ARS,32300,,,,,,,"Libro Stranger Things: El Vuelo De Ícaro, De Caitlin Schneiderhan, Vol. 1. Editorial Debols!llo, Tapa Blanda (-1)",,,50.0,True,True,Zivals Tienda oficial,True,MLA62892928,MLA2710789782,MLA62892928,MLAU3697231730,MLA62892928,ORGANIC,False,False,libros de terror,5.0,7.0,136,+9.999 resultados,https://articulo.mercadolibre.com.ar/MLA-2710789782,Llega gratis el lunes,ÚLTIMAS 2 | ÚLTIMAS UNIDADES,,,,MLA412445,MLA-BOOKS,,CORE,CORE,,2026-09-26T20:36:02.365Z,
https://http2.mlstatic.com/D_NQ_NP_641914-MLA79484963614_102024-O.webp,ARS,43729,,,,,,,Wigetta En Las Dinolimpiadas - Willyrex/ Vegetta777,Mismo precio 3 cuotas de 14576,,,True,True,,False,MLA21981697,MLA1498924691,MLA21981697,MLAU3189287940,MLA21981697,ORGANIC,False,False,libros de terror,,,778,+9.999 resultados,https://articulo.mercadolibre.com.ar/MLA-1498924691,Llega gratis el lunes,,,,,MLA412445,MLA-BOOKS,,CORE,CORE,,2026-09-26T20:43:22.771Z,
https://http2.mlstatic.com/D_NQ_NP_921453-MLA99452909860_112025-O.webp,ARS,10000,,,,,,,"Cuentos Que Hielan La Sangre, De Cinetto, Liliana. Editorial Pictus En Español",,,100.0,False,True,,False,MLA23598083,MLA2034220394,MLA23598083,MLAU3076147725,MLA23598083,ORGANIC,False,False,libros de terror,5.0,8.0,361,+9.999 resultados,https://articulo.mercadolibre.com.ar/MLA-2034220394,Llega el lunes,ÚLTIMAS 3 | ÚLTIMAS UNIDADES,,,,MLA412445,MLA-BOOKS,,CORE,CORE,,2026-09-26T20:38:25.456Z,
https://http2.mlstatic.com/D_NQ_NP_870388-MLU70654756954_072023-O.webp,ARS,69900,,,,,,,"Entre Los Muertos ( Trilogía De Illumbe 3 ), De Santiago, Mikel. Editorial B (ediciones B), Tapa Blanda En Español",Mismo precio 6 cuotas de 11650,,,True,True,Libroide Tienda oficial,True,MLA21050793,MLA1939596397,MLA21050793,MLAU2761718559,MLA21050793,ORGANIC,False,False,libros de terror,,,904,+9.999 resultados,https://articulo.mercadolibre.com.ar/MLA-1939596397,Envío gratis,,,,,MLA412445,MLA-BOOKS,,CORE,CORE,,2026-09-26T20:46:42.474Z,
https://http2.mlstatic.com/D_NQ_NP_880212-MLU70873015883_082023-O.webp,ARS,46687,,,,,,,"Libro ANTOLOGÃÂA HISPÃÂNICA DEL CUENTO DE TERROR, de Varios autores. Quálea Editorial, tapa blanda",6 cuotas de 10503,,,True,True,MASLIBROS Tienda oficial,True,MLA25607643,MLA1468896666,MLA25607643,MLAU143356888,MLA25607643,ORGANIC,False,False,libros de terror,,,999,+9.999 resultados,https://articulo.mercadolibre.com.ar/MLA-1468896666,Envío gratis,,,,,MLA412445,MLA-BOOKS,,CORE,CORE,,2026-09-26T20:47:25.171Z,
https://http2.mlstatic.com/D_NQ_NP_697781-MLA114119112756_082026-O.webp,ARS,23800,,,,,,,Maestros Del Fantastico - N 17 La Sombra Sobre Innsmouth,,,,False,,,False,MLA3711067190,MLA3711067190,,MLAU4529659295,MLAU4529659295,ORGANIC,False,False,libros de terror,,,290,+9.999 resultados,https://articulo.mercadolibre.com.ar/MLA-3711067190,,,,,,MLA412445,MLA-BOOKS,,CORE,CORE,,2026-09-26T20:37:45.567Z,
https://http2.mlstatic.com/D_NQ_NP_755778-MLA107026248865_022026-O.webp,ARS,24000,,,,,,,"El Vampiro - Guillot, Victor Juan, De Guillot, Victor Juan. Editorial Ediciones Ignotas En Español",,,,False,True,,False,MLA25381506,MLA2240038548,MLA25381506,MLAU190192916,MLA25381506,ORGANIC,False,False,libros de terror,,1.0,882,+9.999 resultados,https://articulo.mercadolibre.com.ar/MLA-2240038548,,,,,,MLA412445,MLA-BOOKS,,CORE,CORE,,2026-09-26T20:45:19.267Z,
https://http2.mlstatic.com/D_NQ_NP_887157-MLA80703573088_112024-O.webp,ARS,26000,,,,,,,Festival De La Blasfemia - Dross,,,,False,,,False,MLA1462807109,MLA1462807109,,MLAU2862070194,MLAU2862070194,ORGANIC,False,False,libros de terror,,,900,+9.999 resultados,https://articulo.mercadolibre.com.ar/MLA-1462807109,,,,,,MLA412445,MLA-BOOKS,,CORE,CORE,,2026-09-26T20:46:42.473Z,
